"No.","Channel Name","Receive Frequency","Transmit Frequency","Channel Type","Transmit Power","Band Width","CTCSS/DCS Decode","CTCSS/DCS Encode","Contact","Contact Call Type","Contact TG/DMR ID","Radio ID","Busy Lock/TX Permit","Squelch Mode","Optional Signal","DTMF ID","2Tone ID","5Tone ID","PTT ID","Color Code","Slot","Scan List","Receive Group List","PTT Prohibit","Reverse","Simplex TDMA","Slot Suit","AES Digital Encryption","Digital Encryption","Call Confirmation","Talk Around(Simplex)","Work Alone","Custom CTCSS","2TONE Decode","Ranging","Through Mode","APRS RX","Analog APRS PTT Mode","Digital APRS PTT Mode","APRS Report Type","Digital APRS Report Channel","Correct Frequency[Hz]","SMS Confirmation","Exclude channel from roaming","DMR MODE","DataACK Disable","R5toneBot","R5ToneEot","Auto Scan","Ana Aprs Mute","Send Talker Alias"
"1","India","434.50000","434.50000","D-Digital","Low","12.5K","Off","Off","BM404 India","Group Call","404","VU3BOJ Bejoy,Bangalore,Ind","Always","Carrier","Off","1","1","1","Off","1","2","None","None","Off","Off","Off","Off","Normal Encryption","Off","Off","Off","Off","251.1","1","Off","On","Off","Off","Off","Digital","1","0","Off","0","0","0","0","0","0","0","1"
"2","Bangalore","434.50000","434.50000","D-Digital","Low","12.5K","Off","Off","Bangalore","Group Call","40480","VU3BOJ Bejoy,Bangalore,Ind","Always","Carrier","Off","1","1","1","Off","1","2","None","None","Off","Off","Off","Off","Normal Encryption","Off","Off","Off","Off","251.1","1","Off","On","Off","Off","Off","Digital","1","0","Off","0","0","0","0","0","0","0","1"
"3","Kerala","434.50000","434.50000","D-Digital","Low","12.5K","Off","Off","Kerala","Group Call","40407","VU3BOJ Bejoy,Bangalore,Ind","Always","Carrier","Off","1","1","1","Off","1","2","None","None","Off","Off","Off","Off","Normal Encryption","Off","Off","Off","Off","251.1","1","Off","On","Off","Off","Off","Digital","1","0","Off","0","0","0","0","0","0","0","1"
"4","Worldwide","434.50000","434.50000","D-Digital","Low","12.5K","Off","Off","Worldwide","Group Call","91","VU3BOJ Bejoy,Bangalore,Ind","Always","Carrier","Off","1","1","1","Off","1","2","None","None","Off","Off","Off","Off","Normal Encryption","Off","Off","Off","Off","251.1","1","Off","On","Off","Off","Off","Off","1","0","Off","0","0","0","0","0","0","0","1"
"5","Reddit","434.50000","434.50000","D-Digital","Low","12.5K","Off","Off","Reddit","Group Call","98003","VU3BOJ Bejoy,Bangalore,Ind","Always","Carrier","Off","1","1","1","Off","1","2","None","None","Off","Off","Off","Off","Normal Encryption","Off","Off","Off","Off","251.1","1","Off","On","Off","Off","Off","Off","1","0","Off","0","0","0","0","0","0","0","1"
"6","Amsat","434.50000","434.50000","D-Digital","Low","12.5K","Off","Off","AMSAT","Group Call","98006","VU3BOJ Bejoy,Bangalore,Ind","Always","Carrier","Off","1","1","1","Off","1","2","None","None","Off","Off","Off","Off","Normal Encryption","Off","Off","Off","Off","251.1","1","Off","On","Off","Off","Off","Off","1","0","Off","0","0","0","0","0","0","0","1"
"7","BM UK Parrot","434.50000","434.50000","D-Digital","Low","12.5K","Off","Off","BM UK Parrot","Private Call","9990","VU3BOJ Bejoy,Bangalore,Ind","Always","Carrier","Off","1","1","1","Off","1","2","None","None","Off","Off","Off","Off","Normal Encryption","Off","Off","Off","Off","251.1","1","Off","On","Off","Off","Off","Off","1","0","Off","0","0","0","0","0","0","0","1"
"8","Unlink","434.50000","434.50000","D-Digital","Low","12.5K","Off","Off","BM Disconnect","Group Call","4000","VU3BOJ Bejoy,Bangalore,Ind","Always","Carrier","Off","1","1","1","Off","1","2","None","None","Off","Off","Off","Off","Normal Encryption","Off","Off","Off","Off","251.1","1","Off","On","Off","Off","Off","Off","1","0","Off","0","0","0","0","0","0","0","1"
"9","APRS Beacon","434.50000","434.50000","D-Digital","Low","12.5K","Off","Off","BM UK APRS","Private Call","234999","VU3BOJ Bejoy,Bangalore,Ind","Always","Carrier","Off","1","1","1","Off","1","2","None","None","Off","Off","Off","Off","Normal Encryption","Off","Off","Off","Off","251.1","1","Off","On","On","Off","On","Digital","1","0","Off","0","0","0","0","0","0","0","1"
"10","Dynamic","434.50000","434.50000","D-Digital","Low","12.5K","Off","Off","BM UK Parrot","Private Call","9990","VU3BOJ Bejoy,Bangalore,Ind","Always","Carrier","Off","1","1","1","Off","1","2","None","None","Off","Off","Off","Off","Normal Encryption","Off","Off","Off","Off","251.1","1","Off","On","Off","Off","Off","Off","1","0","Off","0","0","0","0","0","0","0","1"
"11","XLX Mod A","434.50000","434.50000","D-Digital","Low","12.5K","Off","Off","XLX Connect A","Private Call","64001","VU3BOJ Bejoy,Bangalore,Ind","Always","Carrier","Off","1","1","1","Off","1","2","None","None","Off","Off","Off","Off","Normal Encryption","Off","Off","Off","Off","251.1","1","Off","On","Off","Off","On","Off","1","0","Off","0","0","0","0","0","0","0","1"
"12","XLX Unlink","434.50000","434.50000","D-Digital","Low","12.5K","Off","Off","XLX Unlink","Private Call","64000","VU3BOJ Bejoy,Bangalore,Ind","Always","Carrier","Off","1","1","1","Off","1","2","None","None","Off","Off","Off","Off","Normal Encryption","Off","Off","Off","Off","251.1","1","Off","On","Off","Off","On","Off","1","0","Off","0","0","0","0","0","0","0","1"
"13","XLX Talk","434.50000","434.50000","D-Digital","Low","12.5K","Off","Off","TG 6","Group Call","6","VU3BOJ Bejoy,Bangalore,Ind","Always","Carrier","Off","1","1","1","Off","1","2","None","None","Off","Off","Off","Off","Normal Encryption","Off","Off","Off","Off","251.1","1","Off","On","Off","Off","On","Off","1","0","Off","0","0","0","0","0","0","0","1"
"14","YSF India","434.50000","434.50000","D-Digital","Low","12.5K","Off","Off","Peanut YSF Link","Group Call","404004","VU3BOJ Bejoy,Bangalore,Ind","Always","Carrier","Off","1","1","1","Off","1","2","None","None","Off","Off","Off","Off","Normal Encryption","Off","Off","Off","Off","251.1","1","Off","On","Off","Off","On","Off","1","0","Off","0","0","0","0","0","0","0","1"
"15","YSF Unlink","434.50000","434.50000","D-Digital","Low","12.5K","Off","Off","YSF Disc","Group Call","7004000","VU3BOJ Bejoy,Bangalore,Ind","Always","Carrier","Off","1","1","1","Off","1","2","None","None","Off","Off","Off","Off","Normal Encryption","Off","Off","Off","Off","251.1","1","Off","On","Off","Off","On","Off","1","0","Off","0","0","0","0","0","0","0","1"
"16","TGIF","434.50000","434.50000","D-Digital","Low","12.5K","Off","Off","TGIF","Group Call","5031665","VU3BOJ Bejoy,Bangalore,Ind","Always","Carrier","Off","1","1","1","Off","1","2","None","None","Off","Off","Off","Off","Normal Encryption","Off","Off","Off","Off","251.1","1","Off","On","Off","Off","Off","Off","1","0","Off","0","0","0","0","0","0","0","1"
"17","M17","434.50000","434.50000","D-Digital","Low","12.5K","Off","Off","DMR+9112 EMCOM","Group Call","89112","VU3BOJ Bejoy,Bangalore,Ind","Always","Carrier","Off","1","1","1","Off","1","2","None","None","Off","Off","Off","Off","Normal Encryption","Off","Off","Off","Off","251.1","1","Off","On","Off","Off","Off","Off","1","0","Off","0","0","0","0","0","0","0","1"
"18","TGIF Unlink","434.50000","434.50000","D-Digital","Low","12.5K","Off","Off","TGIF Disconnect","Group Call","5004000","VU3BOJ Bejoy,Bangalore,Ind","Always","Carrier","Off","1","1","1","Off","1","2","None","None","Off","Off","Off","Off","Normal Encryption","Off","Off","Off","Off","251.1","1","Off","On","Off","Off","Off","Off","1","0","Off","0","0","0","0","0","0","0","1"
"19","Parrot","434.50000","434.50000","D-Digital","Low","12.5K","Off","Off","TGIF Parrot","Private Call","5009990","VU3BOJ Bejoy,Bangalore,Ind","Always","Carrier","Off","1","1","1","Off","1","2","None","None","Off","Off","Off","Off","Normal Encryption","Off","Off","Off","Off","251.1","1","Off","On","Off","Off","Off","Off","1","0","Off","0","0","0","0","0","0","0","1"
"20","YSF CQ UK","434.50000","434.50000","D-Digital","Low","12.5K","Off","Off","YSF CQ UK","Group Call","7027793","VU3BOJ Bejoy,Bangalore,Ind","Always","Carrier","Off","1","1","1","Off","1","2","None","None","Off","Off","Off","Off","Normal Encryption","Off","Off","Off","Off","251.1","1","Off","On","Off","Off","Off","Off","1","0","Off","0","0","0","0","0","0","0","1"
"21","YSF CQ AU","434.50000","434.50000","D-Digital","Low","12.5K","Off","Off","YSF CQ AU","Group Call","7024117","VU3BOJ Bejoy,Bangalore,Ind","Always","Carrier","Off","1","1","1","Off","1","2","None","None","Off","Off","Off","Off","Normal Encryption","Off","Off","Off","Off","251.1","1","Off","On","Off","Off","Off","Off","1","0","Off","0","0","0","0","0","0","0","1"
"22","YSF America-Link","434.50000","434.50000","D-Digital","Low","12.5K","Off","Off","YSF America-Link","Group Call","7032592","VU3BOJ Bejoy,Bangalore,Ind","Always","Carrier","Off","1","1","1","Off","1","2","None","None","Off","Off","Off","Off","Normal Encryption","Off","Off","Off","Off","251.1","1","Off","On","Off","Off","Off","Off","1","0","Off","0","0","0","0","0","0","0","1"
"23","XLX 007","434.50000","434.50000","D-Digital","Low","12.5K","Off","Off","XLX 204","Private Call","68204","VU3BOJ Bejoy,Bangalore,Ind","Always","Carrier","Off","1","1","1","Off","1","2","None","None","Off","Off","Off","Off","Normal Encryption","Off","Off","Off","Off","251.1","1","Off","On","Off","Off","On","Off","1","0","Off","0","0","0","0","0","0","0","1"
"24","XLX 008","434.50000","434.50000","D-Digital","Low","12.5K","Off","Off","XLX 508","Private Call","68508","VU3BOJ Bejoy,Bangalore,Ind","Always","Carrier","Off","1","1","1","Off","1","2","None","None","Off","Off","Off","Off","Normal Encryption","Off","Off","Off","Off","251.1","1","Off","On","Off","Off","On","Off","1","0","Off","0","0","0","0","0","0","0","1"
"25","XLX 204","434.50000","434.50000","D-Digital","Low","12.5K","Off","Off","XLX 008","Private Call","68008","VU3BOJ Bejoy,Bangalore,Ind","Always","Carrier","Off","1","1","1","Off","1","2","None","None","Off","Off","Off","Off","Normal Encryption","Off","Off","Off","Off","251.1","1","Off","On","Off","Off","On","Off","1","0","Off","0","0","0","0","0","0","0","1"
"26","XLX 147","434.50000","434.50000","D-Digital","Low","12.5K","Off","Off","XLX 147","Private Call","68147","VU3BOJ Bejoy,Bangalore,Ind","Always","Carrier","Off","1","1","1","Off","1","2","None","None","Off","Off","Off","Off","Normal Encryption","Off","Off","Off","Off","251.1","1","Off","On","Off","Off","On","Off","1","0","Off","0","0","0","0","0","0","0","1"
"27","XLX 508","434.50000","434.50000","D-Digital","Low","12.5K","Off","Off","XLX 508","Private Call","68508","VU3BOJ Bejoy,Bangalore,Ind","Always","Carrier","Off","1","1","1","Off","1","2","None","None","Off","Off","Off","Off","Normal Encryption","Off","Off","Off","Off","251.1","1","Off","On","Off","Off","On","Off","1","0","Off","0","0","0","0","0","0","0","1"
"28","XLX Mod Z","434.50000","434.50000","D-Digital","Low","12.5K","Off","Off","XLX Connect Z","Private Call","64026","VU3BOJ Bejoy,Bangalore,Ind","Always","Carrier","Off","1","1","1","Off","1","2","None","None","Off","Off","Off","Off","Normal Encryption","Off","Off","Off","Off","251.1","1","Off","On","Off","Off","On","Off","1","0","Off","0","0","0","0","0","0","0","1"
"29","Dial","434.50000","434.50000","D-Digital","Low","12.5K","Off","Off","TG 9","Group Call","9","VU3BOJ Bejoy,Bangalore,Ind","Always","Carrier","Off","1","1","1","Off","1","2","None","None","Off","Off","Off","Off","Normal Encryption","Off","Off","Off","Off","251.1","1","Off","On","Off","Off","On","Off","1","0","Off","0","0","0","0","0","0","0","1"
"30","DMR+ Talk","434.50000","434.50000","D-Digital","Low","12.5K","Off","Off","TG 9","Group Call","9","VU3BOJ Bejoy,Bangalore,Ind","Always","Carrier","Off","1","1","1","Off","1","2","None","None","Off","Off","Off","Off","Normal Encryption","Off","Off","Off","Off","251.1","1","Off","On","Off","Off","On","Off","1","0","Off","0","0","0","0","0","0","0","1"
"31","YSF Freestar","434.50000","434.50000","D-Digital","Low","12.5K","Off","Off","YSF Freestar","Group Call","7023426","VU3BOJ Bejoy,Bangalore,Ind","Always","Carrier","Off","1","1","1","Off","1","2","None","None","Off","Off","Off","Off","Normal Encryption","Off","Off","Off","Off","251.1","1","Off","On","Off","Off","Off","Off","1","0","Off","0","0","0","0","0","0","0","1"
"32","YSF INDIA","434.50000","434.50000","D-Digital","Low","12.5K","Off","Off","YSF INDIA","Group Call","7008338","VU3BOJ Bejoy,Bangalore,Ind","Always","Carrier","Off","1","1","1","Off","1","2","None","None","Off","Off","Off","Off","Normal Encryption","Off","Off","Off","Off","251.1","1","Off","On","Off","Off","Off","Off","1","0","Off","0","0","0","0","0","0","0","1"
"33","TGIF VU Hams","434.50000","434.50000","D-Digital","Low","12.5K","Off","Off","TGIF40401 VU-Ham","Group Call","5040401","VU3BOJ Bejoy,Bangalore,Ind","Always","Carrier","Off","1","1","1","Off","1","2","None","None","Off","Off","Off","Off","Normal Encryption","Off","Off","Off","Off","251.1","1","Off","On","Off","Off","Off","Off","1","0","Off","0","0","0","0","0","0","0","1"
"34","XLX 493","434.50000","434.50000","D-Digital","Low","12.5K","Off","Off","XLX 493","Private Call","68493","VU3BOJ Bejoy,Bangalore,Ind","Always","Carrier","Off","1","1","1","Off","1","2","None","None","Off","Off","Off","Off","Normal Encryption","Off","Off","Off","Off","251.1","1","Off","On","Off","Off","On","Off","1","0","Off","0","0","0","0","0","0","0","1"
"35","XLX Mod B","434.50000","434.50000","D-Digital","Low","12.5K","Off","Off","XLX Mod B","Private Call","64002","VU3BOJ Bejoy,Bangalore,Ind","Always","Carrier","Off","1","1","1","Off","1","2","None","None","Off","Off","Off","Off","Normal Encryption","Off","Off","Off","Off","251.1","1","Off","On","Off","Off","On","Off","1","0","Off","0","0","0","0","0","0","0","1"
"36","XLX Mod C","434.50000","434.50000","D-Digital","Low","12.5K","Off","Off","XLX Mod C","Private Call","64003","VU3BOJ Bejoy,Bangalore,Ind","Always","Carrier","Off","1","1","1","Off","1","2","None","None","Off","Off","Off","Off","Normal Encryption","Off","Off","Off","Off","251.1","1","Off","On","Off","Off","On","Off","1","0","Off","0","0","0","0","0","0","0","1"
"37","XLX Mod D","434.50000","434.50000","D-Digital","Low","12.5K","Off","Off","XLX Mod D","Private Call","64004","VU3BOJ Bejoy,Bangalore,Ind","Always","Carrier","Off","1","1","1","Off","1","2","None","None","Off","Off","Off","Off","Normal Encryption","Off","Off","Off","Off","251.1","1","Off","On","Off","Off","On","Off","1","0","Off","0","0","0","0","0","0","0","1"
"38","XLX Mod E","434.50000","434.50000","D-Digital","Low","12.5K","Off","Off","XLX Mod E","Private Call","64005","VU3BOJ Bejoy,Bangalore,Ind","Always","Carrier","Off","1","1","1","Off","1","2","None","None","Off","Off","Off","Off","Normal Encryption","Off","Off","Off","Off","251.1","1","Off","On","Off","Off","On","Off","1","0","Off","0","0","0","0","0","0","0","1"
"39","Channel 2","440.00000","440.00000","D-Digital","High","12.5K","Off","Off","India","Group Call","404","VU3BOJ Bejoy,Bangalore,Ind","Always","Carrier","Off","1","1","1","Off","1","1","None","None","Off","Off","Off","Off","Normal Encryption","Off","Off","Off","Off","251.1","0","Off","Off","Off","Off","Off","Off","1","0","Off","0","0","0","0","0","0","0","1"
"40","WorldWide","434.50000","434.50000","D-Digital","Low","12.5K","Off","Off","DMR+1 World-wide","Group Call","80001","VU3BOJ Bejoy,Bangalore,Ind","Always","Carrier","Off","1","1","1","Off","1","2","None","None","Off","Off","Off","Off","Normal Encryption","Off","Off","Off","Off","251.1","1","Off","On","Off","Off","Off","Digital","1","0","Off","0","0","0","0","0","0","0","1"
"41","Quadnet","434.50000","434.50000","D-Digital","Low","12.5K","Off","Off","DMR+320 QuadNet-","Group Call","80320","VU3BOJ Bejoy,Bangalore,Ind","Always","Carrier","Off","1","1","1","Off","1","2","None","None","Off","Off","Off","Off","Normal Encryption","Off","Off","Off","Off","251.1","1","Off","On","Off","Off","Off","Digital","1","0","Off","0","0","0","0","0","0","0","1"
"42","TechChat","434.50000","434.50000","D-Digital","Low","12.5K","Off","Off","DMR+321 Tech-Cha","Group Call","80321","VU3BOJ Bejoy,Bangalore,Ind","Always","Carrier","Off","1","1","1","Off","1","2","None","None","Off","Off","Off","Off","Normal Encryption","Off","Off","Off","Off","251.1","1","Off","On","Off","Off","Off","Digital","1","0","Off","0","0","0","0","0","0","0","1"
"43","Echo Test","434.50000","434.50000","D-Digital","Low","12.5K","Off","Off","DMR+9990 Echo-Te","Group Call","89990","VU3BOJ Bejoy,Bangalore,Ind","Always","Carrier","Off","1","1","1","Off","1","2","None","None","Off","Off","Off","Off","Normal Encryption","Off","Off","Off","Off","251.1","1","Off","On","Off","Off","Off","Digital","1","0","Off","0","0","0","0","0","0","0","1"
"44","Yercaud","434.50000","434.50000","D-Digital","High","12.5K","Off","Off","Yercaud","Group Call","404009","VU3BOJ Bejoy,Bangalore,Ind","Always","Carrier","Off","1","1","1","Off","1","2","None","None","Off","Off","Off","Off","Normal Encryption","Off","Off","Off","Off","251.1","1","Off","On","Off","Off","Off","Digital","1","0","Off","0","0","0","0","0","0","0","1"
"50","DMR Monitor","434.50000","434.50000","D-Digital","Low","12.5K","Off","Off","India","Group Call","404","VU3BOJ Bejoy,Bangalore,Ind","Always","Carrier","Off","1","1","1","Off","1","2","Bangalore","India","Off","Off","Off","Off","Normal Encryption","Off","Off","Off","Off","251.1","0","Off","Off","Off","Off","Off","Off","1","0","Off","0","0","0","0","0","0","0","0"
"100","145.500","145.50000","145.50000","A-Analog","Low","25K","Off","Off","India","Group Call","404","VU3BOJ Bejoy,Bangalore,Ind","Off","Carrier","Off","1","1","1","Off","1","1","Analog","None","Off","Off","Off","Off","Normal Encryption","Off","Off","Off","Off","251.1","1","Off","On","Off","Off","Off","Off","1","0","Off","0","0","0","0","0","0","0","0"
"101","145.000","145.00000","145.00000","A-Analog","Low","25K","Off","Off","India","Group Call","404","VU3BOJ Bejoy,Bangalore,Ind","Off","Carrier","Off","1","1","1","Off","1","1","Analog","None","Off","Off","Off","Off","Normal Encryption","Off","Off","Off","Off","251.1","1","Off","On","Off","Off","Off","Off","1","0","Off","0","0","0","0","0","0","0","0"
"102","144.800","144.80000","144.80000","A-Analog","Low","25K","Off","Off","India","Group Call","404","VU3BOJ Bejoy,Bangalore,Ind","Off","Carrier","Off","1","1","1","Off","1","1","Analog","None","Off","Off","Off","Off","Normal Encryption","Off","Off","Off","Off","251.1","1","Off","On","Off","Off","Off","Off","1","0","Off","0","0","0","0","0","0","0","0"
"103","DMR Sim 434.8","434.80000","434.80000","D-Digital","Low","12.5K","Off","Off","India","Group Call","404","VU3BOJ Bejoy,Bangalore,Ind","Always","Carrier","Off","1","1","1","Off","1","1","None","None","Off","Off","Off","Off","Normal Encryption","Off","Off","Off","Off","251.1","1","Off","On","Off","Off","On","Off","1","0","Off","0","0","0","0","0","0","0","1"
"104","DMR Sim 145.1","145.10000","145.10000","D-Digital","Low","12.5K","Off","Off","India","Group Call","404","VU3BOJ Bejoy,Bangalore,Ind","Always","Carrier","Off","1","1","1","Off","1","1","None","None","Off","Off","Off","Off","Normal Encryption","Off","Off","Off","Off","251.1","1","Off","On","Off","Off","On","Off","1","0","Off","0","0","0","0","0","0","0","1"
"200","Bangalore-TWO","145.65000","145.05000","A-Analog","High","25K","Off","Off","India","Group Call","404","VU3BOJ Bejoy,Bangalore,Ind","Off","Carrier","Off","1","1","1","Off","1","1","Bangalore","None","Off","Off","Off","Off","Normal Encryption","Off","Off","Off","Off","251.1","1","Off","On","Off","Off","Off","Off","1","0","Off","0","0","0","0","0","0","0","0"
"201","Bangalore-RSB","145.70000","145.10000","A-Analog","High","25K","Off","Off","India","Group Call","404","VU3BOJ Bejoy,Bangalore,Ind","Off","Carrier","Off","1","1","1","Off","1","1","Bangalore","None","Off","Off","Off","Off","Normal Encryption","Off","Off","Off","Off","251.1","1","Off","On","Off","Off","Off","Off","1","0","Off","0","0","0","0","0","0","0","0"
"202","Bangalore-2ZO","145.27500","144.67500","A-Analog","High","25K","Off","Off","India","Group Call","404","VU3BOJ Bejoy,Bangalore,Ind","Off","Carrier","Off","1","1","1","Off","1","1","Bangalore","None","Off","Off","Off","Off","Normal Encryption","Off","Off","Off","Off","251.1","1","Off","On","Off","Off","Off","Off","1","0","Off","0","0","0","0","0","0","0","0"
"203","Bangalore-2IU","145.80000","145.20000","A-Analog","High","25K","Off","Off","India","Group Call","404","VU3BOJ Bejoy,Bangalore,Ind","Off","Carrier","Off","1","1","1","Off","1","1","Bangalore","None","Off","Off","Off","Off","Normal Encryption","Off","Off","Off","Off","251.1","1","Off","On","Off","Off","Off","Off","1","0","Off","0","0","0","0","0","0","0","0"
"204","Mysore-TRE","145.72500","145.12500","A-Analog","High","25K","Off","Off","India","Group Call","404","VU3BOJ Bejoy,Bangalore,Ind","Off","Carrier","Off","1","1","1","Off","1","1","Analog","None","Off","Off","Off","Off","Normal Encryption","Off","Off","Off","Off","251.1","1","Off","On","Off","Off","Off","Off","1","0","Off","0","0","0","0","0","0","0","0"
"205","Chikmagalur-CHQ","144.90000","144.30000","A-Analog","High","25K","Off","Off","India","Group Call","404","VU3BOJ Bejoy,Bangalore,Ind","Off","Carrier","Off","1","1","1","Off","1","1","Analog","None","Off","Off","Off","Off","Normal Encryption","Off","Off","Off","Off","251.1","1","Off","On","Off","Off","Off","Off","1","0","Off","0","0","0","0","0","0","0","0"
"206","Mangalore-NIK","145.42500","144.82500","A-Analog","High","25K","Off","Off","India","Group Call","404","VU3BOJ Bejoy,Bangalore,Ind","Off","Carrier","Off","1","1","1","Off","1","1","Analog","None","Off","Off","Off","Off","Normal Encryption","Off","Off","Off","Off","251.1","1","Off","On","Off","Off","Off","Off","1","0","Off","0","0","0","0","0","0","0","0"
"207","Yercaud-CPI","145.85000","145.25000","A-Analog","High","25K","Off","Off","India","Group Call","404","VU3BOJ Bejoy,Bangalore,Ind","Off","Carrier","Off","1","1","1","Off","1","1","Analog","None","Off","Off","Off","Off","Normal Encryption","Off","Off","Off","Off","251.1","1","Off","On","Off","Off","Off","Off","1","0","Off","0","0","0","0","0","0","0","0"
"208","Yercaud-POC","434.95000","433.35000","A-Analog","High","25K","Off","Off","India","Group Call","404","VU3BOJ Bejoy,Bangalore,Ind","Off","Carrier","Off","1","1","1","Off","1","1","Analog","None","Off","Off","Off","Off","Normal Encryption","Off","Off","Off","Off","251.1","1","Off","On","Off","Off","Off","Off","1","0","Off","0","0","0","0","0","0","0","0"
"209","Yelagiri-VCM","145.47500","144.87500","A-Analog","High","25K","Off","Off","India","Group Call","404","VU3BOJ Bejoy,Bangalore,Ind","Off","Carrier","Off","1","1","1","Off","1","1","Analog","None","Off","Off","Off","Off","Normal Encryption","Off","Off","Off","Off","251.1","1","Off","On","Off","Off","Off","Off","1","0","Off","0","0","0","0","0","0","0","0"
"210","Chennai-LHS","145.55000","144.95000","A-Analog","High","25K","Off","Off","India","Group Call","404","VU3BOJ Bejoy,Bangalore,Ind","Off","Carrier","Off","1","1","1","Off","1","1","Analog","None","Off","Off","Off","Off","Normal Encryption","Off","Off","Off","Off","251.1","1","Off","On","Off","Off","Off","Off","1","0","Off","0","0","0","0","0","0","0","0"
"211","Chennai-MVR","145.67500","145.07500","A-Analog","High","25K","Off","Off","India","Group Call","404","VU3BOJ Bejoy,Bangalore,Ind","Off","Carrier","Off","1","1","1","Off","1","1","Analog","None","Off","Off","Off","Off","Normal Encryption","Off","Off","Off","Off","251.1","1","Off","On","Off","Off","Off","Off","1","0","Off","0","0","0","0","0","0","0","0"
"212","Chennai-MRR","145.77500","145.17500","A-Analog","High","25K","Off","Off","India","Group Call","404","VU3BOJ Bejoy,Bangalore,Ind","Off","Carrier","Off","1","1","1","Off","1","1","Analog","None","Off","Off","Off","Off","Normal Encryption","Off","Off","Off","Off","251.1","1","Off","On","Off","Off","Off","Off","1","0","Off","0","0","0","0","0","0","0","0"
"213","Coimbatore-RPT","145.80000","145.20000","A-Analog","High","25K","Off","Off","India","Group Call","404","VU3BOJ Bejoy,Bangalore,Ind","Off","Carrier","Off","1","1","1","Off","1","1","Analog","None","Off","Off","Off","Off","Normal Encryption","Off","Off","Off","Off","251.1","1","Off","On","Off","Off","Off","Off","1","0","Off","0","0","0","0","0","0","0","0"
"214","Kodaikanal-KOD","145.15000","144.55000","A-Analog","High","25K","Off","Off","India","Group Call","404","VU3BOJ Bejoy,Bangalore,Ind","Off","Carrier","Off","1","1","1","Off","1","1","Analog","None","Off","Off","Off","Off","Normal Encryption","Off","Off","Off","Off","251.1","1","Off","On","Off","Off","Off","Off","1","0","Off","0","0","0","0","0","0","0","0"
"215","Rajapalayam-RYM","145.60000","145.00000","A-Analog","High","25K","Off","Off","India","Group Call","404","VU3BOJ Bejoy,Bangalore,Ind","Off","Carrier","Off","1","1","1","Off","1","1","Analog","None","Off","Off","Off","Off","Normal Encryption","Off","Off","Off","Off","251.1","1","Off","On","Off","Off","Off","Off","1","0","Off","0","0","0","0","0","0","0","0"
"216","Udumalpet-IDT","144.90000","144.30000","A-Analog","High","25K","Off","Off","India","Group Call","404","VU3BOJ Bejoy,Bangalore,Ind","Off","Carrier","Off","1","1","1","Off","1","1","Analog","None","Off","Off","Off","Off","Normal Encryption","Off","Off","Off","Off","251.1","1","Off","On","Off","Off","Off","Off","1","0","Off","0","0","0","0","0","0","0","0"
"217","Malabar-MWW","145.67500","145.07500","A-Analog","High","25K","Off","Off","India","Group Call","404","VU3BOJ Bejoy,Bangalore,Ind","Off","Carrier","Off","1","1","1","Off","1","1","Analog","None","Off","Off","Off","Off","Normal Encryption","Off","Off","Off","Off","251.1","1","Off","On","Off","Off","Off","Off","1","0","Off","0","0","0","0","0","0","0","0"
"218","Wayanad-RFF","144.14500","144.74500","A-Analog","High","25K","Off","Off","India","Group Call","404","VU3BOJ Bejoy,Bangalore,Ind","Off","Carrier","Off","1","1","1","Off","1","1","Analog","None","Off","Off","Off","Off","Normal Encryption","Off","Off","Off","Off","251.1","1","Off","On","Off","Off","Off","Off","1","0","Off","0","0","0","0","0","0","0","0"
"219","Kozhikode-CSR","145.62500","145.02500","A-Analog","High","25K","Off","Off","India","Group Call","404","VU3BOJ Bejoy,Bangalore,Ind","Off","Carrier","Off","1","1","1","Off","1","1","Analog","None","Off","Off","Off","Off","Normal Encryption","Off","Off","Off","Off","251.1","1","Off","On","Off","Off","Off","Off","1","0","Off","0","0","0","0","0","0","0","0"
"220","Vatakara-EDJ","145.82500","145.22500","A-Analog","High","25K","Off","Off","India","Group Call","404","VU3BOJ Bejoy,Bangalore,Ind","Off","Carrier","Off","1","1","1","Off","1","1","Analog","None","Off","Off","Off","Off","Normal Encryption","Off","Off","Off","Off","251.1","1","Off","On","Off","Off","Off","Off","1","0","Off","0","0","0","0","0","0","0","0"
"221","Malappuram-MJJ","145.45000","144.85000","A-Analog","High","25K","Off","Off","India","Group Call","404","VU3BOJ Bejoy,Bangalore,Ind","Off","Carrier","Off","1","1","1","Off","1","1","Analog","None","Off","Off","Off","Off","Normal Encryption","Off","Off","Off","Off","251.1","1","Off","On","Off","Off","Off","Off","1","0","Off","0","0","0","0","0","0","0","0"
"222","Thrissur-IAC","144.82500","144.22500","A-Analog","High","25K","Off","Off","India","Group Call","404","VU3BOJ Bejoy,Bangalore,Ind","Off","Carrier","Off","1","1","1","Off","1","1","Analog","None","Off","Off","Off","Off","Normal Encryption","Off","Off","Off","Off","251.1","1","Off","On","Off","Off","Off","Off","1","0","Off","0","0","0","0","0","0","0","0"
"223","Palakkad-BCM","145.65000","145.05000","A-Analog","High","25K","Off","Off","India","Group Call","404","VU3BOJ Bejoy,Bangalore,Ind","Off","Carrier","Off","1","1","1","Off","1","1","Analog","None","Off","Off","Off","Off","Normal Encryption","Off","Off","Off","Off","251.1","1","Off","On","Off","Off","Off","Off","1","0","Off","0","0","0","0","0","0","0","0"
"224","Pala-2IP","145.26500","144.66500","A-Analog","High","25K","Off","Off","India","Group Call","404","VU3BOJ Bejoy,Bangalore,Ind","Off","Carrier","Off","1","1","1","Off","1","1","Analog","None","Off","Off","Off","Off","Normal Encryption","Off","Off","Off","Off","251.1","1","Off","On","Off","Off","Off","Off","1","0","Off","0","0","0","0","0","0","0","0"
"225","Thodupuzha-TTD","145.30000","144.70000","A-Analog","High","25K","Off","Off","India","Group Call","404","VU3BOJ Bejoy,Bangalore,Ind","Off","Carrier","Off","1","1","1","Off","1","1","Analog","None","Off","Off","Off","Off","Normal Encryption","Off","Off","Off","Off","251.1","1","Off","On","Off","Off","Off","Off","1","0","Off","0","0","0","0","0","0","0","0"
"226","Kochi-CHN","145.60000","145.00000","A-Analog","High","25K","Off","100.0","India","Group Call","404","VU3BOJ Bejoy,Bangalore,Ind","Off","Carrier","Off","1","1","1","Off","1","1","Analog","None","Off","Off","Off","Off","Normal Encryption","Off","Off","Off","Off","251.1","1","Off","On","Off","Off","Off","Off","1","0","Off","0","0","0","0","0","0","0","0"
"227","Alappuzha-WSV","145.55000","144.95000","A-Analog","High","25K","Off","Off","India","Group Call","404","VU3BOJ Bejoy,Bangalore,Ind","Off","Carrier","Off","1","1","1","Off","1","1","Analog","None","Off","Off","Off","Off","Normal Encryption","Off","Off","Off","Off","251.1","1","Off","On","Off","Off","Off","Off","1","0","Off","0","0","0","0","0","0","0","0"
"228","Idukki-FAR","145.17500","145.77500","A-Analog","High","25K","Off","Off","India","Group Call","404","VU3BOJ Bejoy,Bangalore,Ind","Off","Carrier","Off","1","1","1","Off","1","1","Analog","None","Off","Off","Off","Off","Normal Encryption","Off","Off","Off","Off","251.1","1","Off","On","Off","Off","Off","Off","1","0","Off","0","0","0","0","0","0","0","0"
"229","Pathanamthit-DFD","144.47500","145.07500","A-Analog","High","25K","Off","Off","India","Group Call","404","VU3BOJ Bejoy,Bangalore,Ind","Off","Carrier","Off","1","1","1","Off","1","1","Analog","None","Off","Off","Off","Off","Normal Encryption","Off","Off","Off","Off","251.1","1","Off","On","Off","Off","Off","Off","1","0","Off","0","0","0","0","0","0","0","0"
"230","Kollam-CSD","145.35000","144.75000","A-Analog","High","25K","Off","Off","India","Group Call","404","VU3BOJ Bejoy,Bangalore,Ind","Off","Carrier","Off","1","1","1","Off","1","1","Analog","None","Off","Off","Off","Off","Normal Encryption","Off","Off","Off","Off","251.1","1","Off","On","Off","Off","Off","Off","1","0","Off","0","0","0","0","0","0","0","0"
"231","Kollam-GCC","145.20000","144.60000","A-Analog","High","25K","Off","114.8","India","Group Call","404","VU3BOJ Bejoy,Bangalore,Ind","Off","Carrier","Off","1","1","1","Off","1","1","Analog","None","Off","Off","Off","Off","Normal Encryption","Off","Off","Off","Off","251.1","1","Off","On","Off","Off","Off","Off","1","0","Off","0","0","0","0","0","0","0","0"
"232","Trivandrum-2XT","145.60000","145.00000","A-Analog","High","25K","Off","88.5","India","Group Call","404","VU3BOJ Bejoy,Bangalore,Ind","Off","Carrier","Off","1","1","1","Off","1","1","Analog","None","Off","Off","Off","Off","Normal Encryption","Off","Off","Off","Off","251.1","1","Off","On","Off","Off","Off","Off","1","0","Off","0","0","0","0","0","0","0","0"
"233","Trivandrum-YSR","145.22500","144.62500","A-Analog","High","25K","Off","Off","India","Group Call","404","VU3BOJ Bejoy,Bangalore,Ind","Off","Carrier","Off","1","1","1","Off","1","1","Analog","None","Off","Off","Off","Off","Normal Encryption","Off","Off","Off","Off","251.1","1","Off","On","Off","Off","Off","Off","1","0","Off","0","0","0","0","0","0","0","0"
"234","Guntur-AJI","145.45000","144.85000","A-Analog","High","25K","Off","Off","India","Group Call","404","VU3BOJ Bejoy,Bangalore,Ind","Off","Carrier","Off","1","1","1","Off","1","1","Analog","None","Off","Off","Off","Off","Normal Encryption","Off","Off","Off","Off","251.1","1","Off","On","Off","Off","Off","Off","1","0","Off","0","0","0","0","0","0","0","0"
"235","Vijayawada-KDD","145.55000","144.95000","A-Analog","High","25K","Off","Off","India","Group Call","404","VU3BOJ Bejoy,Bangalore,Ind","Off","Carrier","Off","1","1","1","Off","1","1","Analog","None","Off","Off","Off","Off","Normal Encryption","Off","Off","Off","Off","251.1","1","Off","On","Off","Off","Off","Off","1","0","Off","0","0","0","0","0","0","0","0"
"236","Hyderabad-SDZ","144.72000","145.32000","A-Analog","High","25K","Off","Off","India","Group Call","404","VU3BOJ Bejoy,Bangalore,Ind","Off","Carrier","Off","1","1","1","Off","1","1","Analog","None","Off","Off","Off","Off","Normal Encryption","Off","Off","Off","Off","251.1","1","Off","On","Off","Off","Off","Off","1","0","Off","0","0","0","0","0","0","0","0"
"237","Hyderabad-LHR","145.60000","145.00000","A-Analog","High","25K","Off","Off","India","Group Call","404","VU3BOJ Bejoy,Bangalore,Ind","Off","Carrier","Off","1","1","1","Off","1","1","Analog","None","Off","Off","Off","Off","Normal Encryption","Off","Off","Off","Off","251.1","1","Off","On","Off","Off","Off","Off","1","0","Off","0","0","0","0","0","0","0","0"
"238","Visakhapatan-VBR","145.40000","144.80000","A-Analog","High","25K","Off","Off","India","Group Call","404","VU3BOJ Bejoy,Bangalore,Ind","Off","Carrier","Off","1","1","1","Off","1","1","Analog","None","Off","Off","Off","Off","Normal Encryption","Off","Off","Off","Off","251.1","1","Off","On","Off","Off","Off","Off","1","0","Off","0","0","0","0","0","0","0","0"
"239","New Delhi-FUN","145.67000","145.07000","A-Analog","High","25K","Off","Off","India","Group Call","404","VU3BOJ Bejoy,Bangalore,Ind","Off","Carrier","Off","1","1","1","Off","1","1","Analog","None","Off","Off","Off","Off","Normal Encryption","Off","Off","Off","Off","251.1","1","Off","On","Off","Off","Off","Off","1","0","Off","0","0","0","0","0","0","0","0"
"240","New Delhi-HUB","435.67000","434.07000","A-Analog","High","25K","Off","Off","India","Group Call","404","VU3BOJ Bejoy,Bangalore,Ind","Off","Carrier","Off","1","1","1","Off","1","1","Analog","None","Off","Off","Off","Off","Normal Encryption","Off","Off","Off","Off","251.1","1","Off","On","Off","Off","Off","Off","1","0","Off","0","0","0","0","0","0","0","0"
"241","New Delhi-DLR","145.60000","145.00000","A-Analog","High","25K","Off","Off","India","Group Call","404","VU3BOJ Bejoy,Bangalore,Ind","Off","Carrier","Off","1","1","1","Off","1","1","Analog","None","Off","Off","Off","Off","Normal Encryption","Off","Off","Off","Off","251.1","1","Off","On","Off","Off","Off","Off","1","0","Off","0","0","0","0","0","0","0","0"
"242","Mumbai-2ST","144.10000","144.70000","A-Analog","High","25K","Off","Off","India","Group Call","404","VU3BOJ Bejoy,Bangalore,Ind","Off","Carrier","Off","1","1","1","Off","1","1","Analog","None","Off","Off","Off","Off","Normal Encryption","Off","Off","Off","Off","251.1","1","Off","On","Off","Off","Off","Off","1","0","Off","0","0","0","0","0","0","0","0"
"243","Mumbai-BBB","145.40000","144.80000","A-Analog","High","25K","Off","Off","India","Group Call","404","VU3BOJ Bejoy,Bangalore,Ind","Off","Carrier","Off","1","1","1","Off","1","1","Analog","None","Off","Off","Off","Off","Normal Encryption","Off","Off","Off","Off","251.1","1","Off","On","Off","Off","Off","Off","1","0","Off","0","0","0","0","0","0","0","0"
"244","Pune-PHA","145.10000","145.70000","A-Analog","High","25K","Off","Off","India","Group Call","404","VU3BOJ Bejoy,Bangalore,Ind","Off","Carrier","Off","1","1","1","Off","1","1","Analog","None","Off","Off","Off","Off","Normal Encryption","Off","Off","Off","Off","251.1","1","Off","On","Off","Off","Off","Off","1","0","Off","0","0","0","0","0","0","0","0"
"245","Pune-ETD","144.80000","144.20000","A-Analog","High","25K","Off","Off","India","Group Call","404","VU3BOJ Bejoy,Bangalore,Ind","Off","Carrier","Off","1","1","1","Off","1","1","Analog","None","Off","Off","Off","Off","Normal Encryption","Off","Off","Off","Off","251.1","1","Off","On","Off","Off","Off","Off","1","0","Off","0","0","0","0","0","0","0","0"
"246","Kolkata-CVH","145.65000","145.05000","A-Analog","High","25K","Off","Off","India","Group Call","404","VU3BOJ Bejoy,Bangalore,Ind","Off","Carrier","Off","1","1","1","Off","1","1","Analog","None","Off","Off","Off","Off","Normal Encryption","Off","Off","Off","Off","251.1","1","Off","On","Off","Off","Off","Off","1","0","Off","0","0","0","0","0","0","0","0"
"247","Gwalior-GWR","145.00000","145.60000","A-Analog","High","25K","Off","Off","India","Group Call","404","VU3BOJ Bejoy,Bangalore,Ind","Off","Carrier","Off","1","1","1","Off","1","1","Analog","None","Off","Off","Off","Off","Normal Encryption","Off","Off","Off","Off","251.1","1","Off","On","Off","Off","Off","Off","1","0","Off","0","0","0","0","0","0","0","0"
"248","Patna-MMP","145.00000","144.40000","A-Analog","High","25K","Off","Off","India","Group Call","404","VU3BOJ Bejoy,Bangalore,Ind","Off","Carrier","Off","1","1","1","Off","1","1","Analog","None","Off","Off","Off","Off","Normal Encryption","Off","Off","Off","Off","251.1","1","Off","On","Off","Off","Off","Off","1","0","Off","0","0","0","0","0","0","0","0"
"249","Bangalore-ZOI","434.05000","437.65000","A-Analog","High","25K","Off","Off","India","Group Call","404","VU3BOJ Bejoy,Bangalore,Ind","Off","Carrier","Off","1","1","1","Off","1","1","Bangalore","None","Off","Off","Off","Off","Normal Encryption","Off","Off","Off","Off","251.1","1","Off","On","Off","Off","Off","Off","1","0","Off","0","0","0","0","0","0","0","0"
"250","Yercaud-DMR","145.85000","145.25000","D-Digital","High","12.5K","Off","Off","Yercaud","Group Call","404009","VU3BOJ Bejoy,Bangalore,Ind","Always","Carrier","Off","1","1","1","Off","1","2","Analog","India","Off","Off","Off","Off","Normal Encryption","Off","Off","Off","Off","251.1","1","Off","On","Off","Off","Off","Off","1","0","Off","0","0","0","0","0","0","0","0"
"300","Allstar El Conn","434.96000","434.96000","A-Analog","Low","25K","Off","Off","India","Group Call","404","VU3BOJ Bejoy,Bangalore,Ind","Off","Carrier","DTMF","1","1","1","Start","1","2","None","None","Off","Off","Off","Off","Normal Encryption","Off","Off","Off","Off","131.8","1","Off","Off","Off","Off","Off","Off","1","0","Off","0","1","0","100","100","0","0","0"
"301","Allstar El Disc","434.96000","434.96000","A-Analog","Low","25K","Off","Off","India","Group Call","404","VU3BOJ Bejoy,Bangalore,Ind","Off","Carrier","DTMF","2","1","1","Start","1","2","None","None","Off","Off","Off","Off","Normal Encryption","Off","Off","Off","Off","131.8","1","Off","Off","Off","Off","Off","Off","1","0","Off","0","1","0","100","100","0","0","0"
"302","Allstar ASL Conn","434.96000","434.96000","A-Analog","Low","25K","Off","Off","India","Group Call","404","VU3BOJ Bejoy,Bangalore,Ind","Off","Carrier","DTMF","6","1","1","Start","1","2","None","None","Off","Off","Off","Off","Normal Encryption","Off","Off","Off","Off","131.8","1","Off","Off","Off","Off","Off","Off","1","0","Off","0","1","0","100","100","0","0","0"
"303","Allstar ASL Disc","434.96000","434.96000","A-Analog","Low","25K","Off","Off","India","Group Call","404","VU3BOJ Bejoy,Bangalore,Ind","Off","Carrier","DTMF","7","1","1","Start","1","2","None","None","Off","Off","Off","Off","Normal Encryption","Off","Off","Off","Off","131.8","1","Off","Off","Off","Off","Off","Off","1","0","Off","0","1","0","100","100","0","0","0"
"304","Allstar Disc All","434.96000","434.96000","A-Analog","Low","25K","Off","Off","India","Group Call","404","VU3BOJ Bejoy,Bangalore,Ind","Off","Carrier","DTMF","3","1","1","Start","1","2","None","None","Off","Off","Off","Off","Normal Encryption","Off","Off","Off","Off","131.8","1","Off","Off","Off","Off","Off","Off","1","0","Off","0","1","0","100","100","0","0","0"
"305","Allstar Status","434.96000","434.96000","A-Analog","Low","25K","Off","Off","India","Group Call","404","VU3BOJ Bejoy,Bangalore,Ind","Off","Carrier","DTMF","4","1","1","Start","1","2","None","None","Off","Off","Off","Off","Normal Encryption","Off","Off","Off","Off","131.8","1","Off","Off","Off","Off","Off","Off","1","0","Off","0","1","0","100","100","0","0","0"
"306","Allstar Time","434.96000","434.96000","A-Analog","Low","25K","Off","Off","India","Group Call","404","VU3BOJ Bejoy,Bangalore,Ind","Off","Carrier","DTMF","5","1","1","Start","1","2","None","None","Off","Off","Off","Off","Normal Encryption","Off","Off","Off","Off","131.8","1","Off","Off","Off","Off","Off","Off","1","0","Off","0","1","0","100","100","0","0","0"
"307","Allstar Talk","434.96000","434.96000","A-Analog","Low","25K","Off","Off","India","Group Call","404","VU3BOJ Bejoy,Bangalore,Ind","Off","Carrier","Off","5","1","1","Off","1","2","None","None","Off","Off","Off","Off","Normal Encryption","Off","Off","Off","Off","131.8","1","Off","Off","Off","Off","Off","Off","1","0","Off","0","1","0","100","100","0","0","0"
"400","APRS 144.39","144.39000","144.39000","A-Analog","Low","25K","Off","Off","TGIF Disconnect","Group Call","5004000","VU3BOJ Bejoy,Bangalore,Ind","Off","Carrier","Off","1","1","1","Off","1","2","None","None","Off","Off","Off","Off","Normal Encryption","Off","Off","Off","Off","251.1","1","Off","On","On","End Of Transmission","Off","Analog","1","0","Off","0","0","0","0","0","0","0","0"
"401","ISS APRS","145.82500","145.82500","A-Analog","High","25K","Off","Off","TGIF Disconnect","Group Call","5004000","VU3BOJ Bejoy,Bangalore,Ind","Off","Carrier","Off","1","1","1","Off","1","2","None","None","Off","Off","Off","Off","Normal Encryption","Off","Off","Off","Off","251.1","1","Off","On","On","End Of Transmission","Off","Analog","1","0","Off","0","0","0","0","0","0","0","0"
"402","ISS Repeater","437.80000","145.99000","A-Analog","High","25K","Off","67.0","TGIF Disconnect","Group Call","5004000","VU3BOJ Bejoy,Bangalore,Ind","Off","Carrier","Off","1","1","1","Off","1","2","None","None","Off","Off","Off","Off","Normal Encryption","Off","Off","Off","Off","251.1","1","Off","On","On","Off","Off","Off","1","0","Off","0","0","0","0","0","0","0","0"
"403","AO-91","145.96000","435.25000","A-Analog","High","25K","Off","67.0","TGIF Disconnect","Group Call","5004000","VU3BOJ Bejoy,Bangalore,Ind","Off","Carrier","Off","1","1","1","Off","1","2","None","None","Off","Off","Off","Off","Normal Encryption","Off","Off","Off","Off","251.1","1","Off","On","On","Off","Off","Off","1","0","Off","0","0","0","0","0","0","0","0"
"404","IO-86","435.88000","145.88000","A-Analog","High","25K","Off","88.5","TGIF Disconnect","Group Call","5004000","VU3BOJ Bejoy,Bangalore,Ind","Off","Carrier","Off","1","1","1","Off","1","2","None","None","Off","Off","Off","Off","Normal Encryption","Off","Off","Off","Off","251.1","1","Off","On","On","Off","Off","Off","1","0","Off","0","0","0","0","0","0","0","0"
"405","PO-101","145.90000","437.50000","A-Analog","High","25K","Off","141.3","TGIF Disconnect","Group Call","5004000","VU3BOJ Bejoy,Bangalore,Ind","Off","Carrier","Off","1","1","1","Off","1","2","None","None","Off","Off","Off","Off","Normal Encryption","Off","Off","Off","Off","251.1","1","Off","On","On","Off","Off","Off","1","0","Off","0","0","0","0","0","0","0","0"
"4001","Channel VFO A","144.20000","144.20000","D-Digital","Low","25K","Off","Off","India","Group Call","404","VU3BOJ Bejoy,Bangalore,Ind","Always","Carrier","Off","1","1","1","Off","1","1","None","None","Off","Off","Off","Off","Normal Encryption","Off","Off","Off","Off","131.8","1","Off","Off","Off","Off","Off","Off","1","0","Off","0","1","0","100","100","0","0","0"
"4002","Channel VFO B","434.50000","434.50000","D-Digital","Low","25K","Off","Off","India","Group Call","404","VU3BOJ Bejoy,Bangalore,Ind","Always","Carrier","Off","1","1","1","Off","1","2","None","None","Off","Off","Off","Off","Normal Encryption","Off","Off","Off","Off","131.8","1","Off","Off","Off","Off","Off","Off","1","0","Off","0","1","0","100","100","0","0","0"
