"No.","Channel Name","Receive Frequency","Transmit Frequency","Channel Type","Transmit Power","Band Width","CTCSS/DCS Decode","CTCSS/DCS Encode","Contact","Contact Call Type","Contact TG/DMR ID","Radio ID","Busy Lock/TX Permit","Squelch Mode","Optional Signal","DTMF ID","2Tone ID","5Tone ID","PTT ID","Color Code","Slot","Scan List","Receive Group List","PTT Prohibit","Reverse","TDMA","TDMA Adaptive","AES Digital Encryption","Digital Encryption","Call Confirmation","Talk Around(Simplex)","Work Alone","Custom CTCSS","2TONE Decode","Ranging","Simplex","APRS RX","Analog APRS PTT Mode","Digital APRS PTT Mode","APRS Report Type","Digital APRS Report Channel","Correct Frequency[Hz]","SMS Confirmation","Exclude Channel From Roaming","DMR MODE","DataACK Disable","R5toneBot","R5ToneEot","Auto Scan","Send Talker Alias"
"1","VU2TWO","145.65000","145.05000","A-Analog","Low","25K","Off","Off","BM Disconnect","Group Call","4000","VU2AAA","Off","Carrier","Off","1","1","1","Off","1","1","None","None","Off","Off","Off","Off","Normal Encryption","Off","Off","Off","Off","251.1","1","Off","Off","Off","Off","Off","Off","1","0","Off","0","1","0","0","0","0","0"
"2","VU2RQB","435.20000","437.20000","A-Analog","Low","25K","Off","Off","BM Disconnect","Group Call","4000","VU2AAA","Off","Carrier","Off","1","1","1","Off","1","1","None","None","Off","Off","Off","Off","Normal Encryption","Off","Off","Off","Off","251.1","1","Off","Off","Off","Off","Off","Off","1","0","Off","0","1","0","0","0","0","0"
"3","VU2RSB","145.70000","145.10000","A-Analog","Low","25K","Off","Off","BM Disconnect","Group Call","4000","VU2AAA","Off","Carrier","Off","1","1","1","Off","1","1","None","None","Off","Off","Off","Off","Normal Encryption","Off","Off","Off","Off","251.1","1","Off","On","Off","Off","Off","Off","1","0","Off","0","0","0","0","0","0","0"
"4","VU2ZO DMR","145.27500","144.67500","D-Digital","Mid","12.5K","Off","Off","BM Disconnect","Group Call","4000","VU2AAA","Always","Carrier","Off","1","1","1","Off","1","1","None","None","Off","Off","Off","Off","Normal Encryption","Off","Off","Off","Off","251.1","1","Off","Off","Off","Off","Off","Off","1","0","Off","0","1","0","0","0","0","1"
"5","VU2ZOI","434.05000","437.65000","A-Analog","High","25K","Off","Off","BM Disconnect","Group Call","4000","VU2AAA","Off","Carrier","Off","1","1","1","Off","1","1","None","None","Off","Off","Off","Off","Normal Encryption","Off","Off","Off","Off","251.1","1","Off","On","Off","Off","Off","Off","1","0","Off","0","0","0","0","0","0","0"
"6","VU2IU","145.80000","145.20000","A-Analog","Mid","25K","Off","Off","BM Disconnect","Group Call","4000","VU2AAA","Off","Carrier","Off","1","1","1","Off","1","1","None","None","Off","Off","Off","Off","Normal Encryption","Off","Off","Off","Off","251.1","1","Off","On","Off","Off","Off","Off","1","0","Off","0","0","0","0","0","0","0"
"7","Mysore-TRE","145.72500","145.12500","A-Analog","Mid","25K","Off","Off","BM Disconnect","Group Call","4000","VU2AAA","Off","Carrier","Off","1","1","1","Off","1","1","None","None","Off","Off","Off","Off","Normal Encryption","Off","Off","Off","Off","251.1","1","Off","On","Off","Off","Off","Off","1","0","Off","0","0","0","0","0","0","0"
"8","Chikmagalur-CHQ","144.90000","144.30000","A-Analog","High","25K","Off","Off","BM Disconnect","Group Call","4000","VU2AAA","Off","Carrier","Off","1","1","1","Off","1","1","None","None","Off","Off","Off","Off","Normal Encryption","Off","Off","Off","Off","251.1","1","Off","On","Off","Off","Off","Off","1","0","Off","0","0","0","0","0","0","0"
"9","Chikmagalur-CIQ","434.05000","437.05000","A-Analog","High","25K","Off","Off","BM Disconnect","Group Call","4000","VU2AAA","Off","Carrier","Off","1","1","1","Off","1","1","None","None","Off","Off","Off","Off","Normal Encryption","Off","Off","Off","Off","251.1","1","Off","On","Off","Off","Off","Off","1","0","Off","0","0","0","0","0","0","0"
"10","Mangalore-NIK","145.42500","144.82500","A-Analog","High","25K","Off","Off","BM Disconnect","Group Call","4000","VU2AAA","Off","Carrier","Off","1","1","1","Off","1","1","None","None","Off","Off","Off","Off","Normal Encryption","Off","Off","Off","Off","251.1","1","Off","On","Off","Off","Off","Off","1","0","Off","0","0","0","0","0","0","0"
"20","Yercaud-CPI","145.85000","145.25000","A-Analog","High","25K","Off","Off","BM Disconnect","Group Call","4000","VU2AAA","Off","Carrier","Off","1","1","1","Off","1","1","None","None","Off","Off","Off","Off","Normal Encryption","Off","Off","Off","Off","251.1","1","Off","On","Off","Off","Off","Off","1","0","Off","0","0","0","0","0","0","0"
"21","Yercaud-POC","434.95000","433.35000","A-Analog","High","25K","Off","Off","BM Disconnect","Group Call","4000","VU2AAA","Off","Carrier","Off","1","1","1","Off","1","1","None","None","Off","Off","Off","Off","Normal Encryption","Off","Off","Off","Off","251.1","1","Off","On","Off","Off","Off","Off","1","0","Off","0","0","0","0","0","0","0"
"22","Yelagiri-VCM","145.47500","144.87500","A-Analog","High","25K","Off","Off","BM Disconnect","Group Call","4000","VU2AAA","Off","Carrier","Off","1","1","1","Off","1","1","None","None","Off","Off","Off","Off","Normal Encryption","Off","Off","Off","Off","251.1","1","Off","On","Off","Off","Off","Off","1","0","Off","0","0","0","0","0","0","0"
"23","Chennai-LHS","145.55000","144.95000","A-Analog","High","25K","Off","Off","BM Disconnect","Group Call","4000","VU2AAA","Off","Carrier","Off","1","1","1","Off","1","1","None","None","Off","Off","Off","Off","Normal Encryption","Off","Off","Off","Off","251.1","1","Off","On","Off","Off","Off","Off","1","0","Off","0","0","0","0","0","0","0"
"24","Chennai-MVR","145.67500","145.07500","A-Analog","High","25K","Off","Off","BM Disconnect","Group Call","4000","VU2AAA","Off","Carrier","Off","1","1","1","Off","1","1","None","None","Off","Off","Off","Off","Normal Encryption","Off","Off","Off","Off","251.1","1","Off","On","Off","Off","Off","Off","1","0","Off","0","0","0","0","0","0","0"
"25","Chennai-MRR","145.77500","145.17500","A-Analog","High","25K","Off","Off","BM Disconnect","Group Call","4000","VU2AAA","Off","Carrier","Off","1","1","1","Off","1","1","None","None","Off","Off","Off","Off","Normal Encryption","Off","Off","Off","Off","251.1","1","Off","On","Off","Off","Off","Off","1","0","Off","0","0","0","0","0","0","0"
"26","Coimbatore-RPT","145.80000","145.20000","A-Analog","High","25K","Off","Off","BM Disconnect","Group Call","4000","VU2AAA","Off","Carrier","Off","1","1","1","Off","1","1","None","None","Off","Off","Off","Off","Normal Encryption","Off","Off","Off","Off","251.1","1","Off","On","Off","Off","Off","Off","1","0","Off","0","0","0","0","0","0","0"
"27","Kodaikanal-KOD","145.15000","144.55000","A-Analog","High","25K","Off","Off","BM Disconnect","Group Call","4000","VU2AAA","Off","Carrier","Off","1","1","1","Off","1","1","None","None","Off","Off","Off","Off","Normal Encryption","Off","Off","Off","Off","251.1","1","Off","On","Off","Off","Off","Off","1","0","Off","0","0","0","0","0","0","0"
"28","Rajapalayam-RYM","145.60000","145.00000","A-Analog","High","25K","Off","Off","BM Disconnect","Group Call","4000","VU2AAA","Off","Carrier","Off","1","1","1","Off","1","1","None","None","Off","Off","Off","Off","Normal Encryption","Off","Off","Off","Off","251.1","1","Off","On","Off","Off","Off","Off","1","0","Off","0","0","0","0","0","0","0"
"29","Udumalpet-IDT","144.90000","144.30000","A-Analog","High","25K","Off","Off","BM Disconnect","Group Call","4000","VU2AAA","Off","Carrier","Off","1","1","1","Off","1","1","None","None","Off","Off","Off","Off","Normal Encryption","Off","Off","Off","Off","251.1","1","Off","On","Off","Off","Off","Off","1","0","Off","0","0","0","0","0","0","0"
"30","Erode-EOD","145.37500","144.67500","A-Analog","High","25K","Off","Off","BM Disconnect","Group Call","4000","VU2AAA","Off","Carrier","Off","1","1","1","Off","1","1","None","None","Off","Off","Off","Off","Normal Encryption","Off","Off","Off","Off","251.1","1","Off","On","Off","Off","Off","Off","1","0","Off","0","0","0","0","0","0","0"
"40","Malabar-MWW","145.67500","145.07500","A-Analog","High","25K","Off","Off","BM Disconnect","Group Call","4000","VU2AAA","Off","Carrier","Off","1","1","1","Off","1","1","None","None","Off","Off","Off","Off","Normal Encryption","Off","Off","Off","Off","251.1","1","Off","On","Off","Off","Off","Off","1","0","Off","0","0","0","0","0","0","0"
"41","Wayanad-RFF","144.14500","144.74500","A-Analog","High","25K","Off","Off","BM Disconnect","Group Call","4000","VU2AAA","Off","Carrier","Off","1","1","1","Off","1","1","None","None","Off","Off","Off","Off","Normal Encryption","Off","Off","Off","Off","251.1","1","Off","On","Off","Off","Off","Off","1","0","Off","0","0","0","0","0","0","0"
"42","Kozhikode-CSR","145.62500","145.02500","A-Analog","High","25K","Off","Off","BM Disconnect","Group Call","4000","VU2AAA","Off","Carrier","Off","1","1","1","Off","1","1","None","None","Off","Off","Off","Off","Normal Encryption","Off","Off","Off","Off","251.1","1","Off","On","Off","Off","Off","Off","1","0","Off","0","0","0","0","0","0","0"
"43","Vatakara-EDJ","145.82500","145.22500","A-Analog","High","25K","Off","Off","BM Disconnect","Group Call","4000","VU2AAA","Off","Carrier","Off","1","1","1","Off","1","1","None","None","Off","Off","Off","Off","Normal Encryption","Off","Off","Off","Off","251.1","1","Off","On","Off","Off","Off","Off","1","0","Off","0","0","0","0","0","0","0"
"44","Malappuram-MJJ","145.45000","144.85000","A-Analog","High","25K","Off","Off","BM Disconnect","Group Call","4000","VU2AAA","Off","Carrier","Off","1","1","1","Off","1","1","None","None","Off","Off","Off","Off","Normal Encryption","Off","Off","Off","Off","251.1","1","Off","On","Off","Off","Off","Off","1","0","Off","0","0","0","0","0","0","0"
"45","Thrissur-IAC","144.82500","144.22500","A-Analog","High","25K","Off","Off","BM Disconnect","Group Call","4000","VU2AAA","Off","Carrier","Off","1","1","1","Off","1","1","None","None","Off","Off","Off","Off","Normal Encryption","Off","Off","Off","Off","251.1","1","Off","On","Off","Off","Off","Off","1","0","Off","0","0","0","0","0","0","0"
"46","Palakkad-BCM","145.65000","145.05000","A-Analog","High","25K","Off","Off","BM Disconnect","Group Call","4000","VU2AAA","Off","Carrier","Off","1","1","1","Off","1","1","None","None","Off","Off","Off","Off","Normal Encryption","Off","Off","Off","Off","251.1","1","Off","On","Off","Off","Off","Off","1","0","Off","0","0","0","0","0","0","0"
"47","Pala-2IP","145.26500","144.66500","A-Analog","High","25K","Off","Off","BM Disconnect","Group Call","4000","VU2AAA","Off","Carrier","Off","1","1","1","Off","1","1","None","None","Off","Off","Off","Off","Normal Encryption","Off","Off","Off","Off","251.1","1","Off","On","Off","Off","Off","Off","1","0","Off","0","0","0","0","0","0","0"
"48","Thodupuzha-TTD","145.30000","144.70000","A-Analog","High","25K","Off","Off","BM Disconnect","Group Call","4000","VU2AAA","Off","Carrier","Off","1","1","1","Off","1","1","None","None","Off","Off","Off","Off","Normal Encryption","Off","Off","Off","Off","251.1","1","Off","On","Off","Off","Off","Off","1","0","Off","0","0","0","0","0","0","0"
"49","Kochi-CHN","145.60000","145.00000","A-Analog","High","25K","Off","100.0","BM Disconnect","Group Call","4000","VU2AAA","Off","Carrier","Off","1","1","1","Off","1","1","None","None","Off","Off","Off","Off","Normal Encryption","Off","Off","Off","Off","251.1","1","Off","On","Off","Off","Off","Off","1","0","Off","0","0","0","0","0","0","0"
"50","Alappuzha-WSV","145.55000","144.95000","A-Analog","High","25K","Off","Off","BM Disconnect","Group Call","4000","VU2AAA","Off","Carrier","Off","1","1","1","Off","1","1","None","None","Off","Off","Off","Off","Normal Encryption","Off","Off","Off","Off","251.1","1","Off","On","Off","Off","Off","Off","1","0","Off","0","0","0","0","0","0","0"
"51","Idukki-FAR","145.17500","145.77500","A-Analog","High","25K","Off","Off","BM Disconnect","Group Call","4000","VU2AAA","Off","Carrier","Off","1","1","1","Off","1","1","None","None","Off","Off","Off","Off","Normal Encryption","Off","Off","Off","Off","251.1","1","Off","On","Off","Off","Off","Off","1","0","Off","0","0","0","0","0","0","0"
"52","Pathanamthit-DFD","144.47500","145.07500","A-Analog","High","25K","Off","Off","BM Disconnect","Group Call","4000","VU2AAA","Off","Carrier","Off","1","1","1","Off","1","1","None","None","Off","Off","Off","Off","Normal Encryption","Off","Off","Off","Off","251.1","1","Off","On","Off","Off","Off","Off","1","0","Off","0","0","0","0","0","0","0"
"53","Kollam-CSD","145.35000","144.75000","A-Analog","High","25K","Off","Off","BM Disconnect","Group Call","4000","VU2AAA","Off","Carrier","Off","1","1","1","Off","1","1","None","None","Off","Off","Off","Off","Normal Encryption","Off","Off","Off","Off","251.1","1","Off","On","Off","Off","Off","Off","1","0","Off","0","0","0","0","0","0","0"
"54","Kollam-GCC","145.20000","144.60000","A-Analog","High","25K","Off","114.8","BM Disconnect","Group Call","4000","VU2AAA","Off","Carrier","Off","1","1","1","Off","1","1","None","None","Off","Off","Off","Off","Normal Encryption","Off","Off","Off","Off","251.1","1","Off","On","Off","Off","Off","Off","1","0","Off","0","0","0","0","0","0","0"
"55","Trivandrum-2XT","145.60000","145.00000","A-Analog","High","25K","Off","88.5","BM Disconnect","Group Call","4000","VU2AAA","Off","Carrier","Off","1","1","1","Off","1","1","None","None","Off","Off","Off","Off","Normal Encryption","Off","Off","Off","Off","251.1","1","Off","On","Off","Off","Off","Off","1","0","Off","0","0","0","0","0","0","0"
"56","Trivandrum-YSR","145.22500","144.62500","A-Analog","High","25K","Off","Off","BM Disconnect","Group Call","4000","VU2AAA","Off","Carrier","Off","1","1","1","Off","1","1","None","None","Off","Off","Off","Off","Normal Encryption","Off","Off","Off","Off","251.1","1","Off","On","Off","Off","Off","Off","1","0","Off","0","0","0","0","0","0","0"
"60","Guntur-AJI","145.45000","144.85000","A-Analog","High","25K","Off","Off","BM Disconnect","Group Call","4000","VU2AAA","Off","Carrier","Off","1","1","1","Off","1","1","None","None","Off","Off","Off","Off","Normal Encryption","Off","Off","Off","Off","251.1","1","Off","On","Off","Off","Off","Off","1","0","Off","0","0","0","0","0","0","0"
"61","Vijayawada-KDD","145.55000","144.95000","A-Analog","High","25K","Off","Off","BM Disconnect","Group Call","4000","VU2AAA","Off","Carrier","Off","1","1","1","Off","1","1","None","None","Off","Off","Off","Off","Normal Encryption","Off","Off","Off","Off","251.1","1","Off","On","Off","Off","Off","Off","1","0","Off","0","0","0","0","0","0","0"
"62","Hyderabad-SDZ","144.72000","145.32000","A-Analog","High","25K","Off","Off","BM Disconnect","Group Call","4000","VU2AAA","Off","Carrier","Off","1","1","1","Off","1","1","None","None","Off","Off","Off","Off","Normal Encryption","Off","Off","Off","Off","251.1","1","Off","On","Off","Off","Off","Off","1","0","Off","0","0","0","0","0","0","0"
"63","Hyderabad-LHR","145.60000","145.00000","A-Analog","High","25K","Off","Off","BM Disconnect","Group Call","4000","VU2AAA","Off","Carrier","Off","1","1","1","Off","1","1","None","None","Off","Off","Off","Off","Normal Encryption","Off","Off","Off","Off","251.1","1","Off","On","Off","Off","Off","Off","1","0","Off","0","0","0","0","0","0","0"
"64","Visakhapatan-VBR","145.40000","144.80000","A-Analog","High","25K","Off","Off","BM Disconnect","Group Call","4000","VU2AAA","Off","Carrier","Off","1","1","1","Off","1","1","None","None","Off","Off","Off","Off","Normal Encryption","Off","Off","Off","Off","251.1","1","Off","On","Off","Off","Off","Off","1","0","Off","0","0","0","0","0","0","0"
"65","New Delhi-FUN","145.67000","145.07000","A-Analog","High","25K","Off","Off","BM Disconnect","Group Call","4000","VU2AAA","Off","Carrier","Off","1","1","1","Off","1","1","None","None","Off","Off","Off","Off","Normal Encryption","Off","Off","Off","Off","251.1","1","Off","On","Off","Off","Off","Off","1","0","Off","0","0","0","0","0","0","0"
"66","New Delhi-HUB","435.67000","434.07000","A-Analog","High","25K","Off","Off","BM Disconnect","Group Call","4000","VU2AAA","Off","Carrier","Off","1","1","1","Off","1","1","None","None","Off","Off","Off","Off","Normal Encryption","Off","Off","Off","Off","251.1","1","Off","On","Off","Off","Off","Off","1","0","Off","0","0","0","0","0","0","0"
"67","New Delhi-DLR","145.60000","145.00000","A-Analog","High","25K","Off","Off","BM Disconnect","Group Call","4000","VU2AAA","Off","Carrier","Off","1","1","1","Off","1","1","None","None","Off","Off","Off","Off","Normal Encryption","Off","Off","Off","Off","251.1","1","Off","On","Off","Off","Off","Off","1","0","Off","0","0","0","0","0","0","0"
"68","Mumbai-2ST","144.10000","144.70000","A-Analog","High","25K","Off","Off","BM Disconnect","Group Call","4000","VU2AAA","Off","Carrier","Off","1","1","1","Off","1","1","None","None","Off","Off","Off","Off","Normal Encryption","Off","Off","Off","Off","251.1","1","Off","On","Off","Off","Off","Off","1","0","Off","0","0","0","0","0","0","0"
"69","Mumbai-BBB","145.40000","144.80000","A-Analog","High","25K","Off","Off","BM Disconnect","Group Call","4000","VU2AAA","Off","Carrier","Off","1","1","1","Off","1","1","None","None","Off","Off","Off","Off","Normal Encryption","Off","Off","Off","Off","251.1","1","Off","On","Off","Off","Off","Off","1","0","Off","0","0","0","0","0","0","0"
"70","Pune-PHA","145.10000","145.70000","A-Analog","High","25K","Off","Off","BM Disconnect","Group Call","4000","VU2AAA","Off","Carrier","Off","1","1","1","Off","1","1","None","None","Off","Off","Off","Off","Normal Encryption","Off","Off","Off","Off","251.1","1","Off","On","Off","Off","Off","Off","1","0","Off","0","0","0","0","0","0","0"
"71","Pune-ETD","144.80000","144.20000","A-Analog","High","25K","Off","Off","BM Disconnect","Group Call","4000","VU2AAA","Off","Carrier","Off","1","1","1","Off","1","1","None","None","Off","Off","Off","Off","Normal Encryption","Off","Off","Off","Off","251.1","1","Off","On","Off","Off","Off","Off","1","0","Off","0","0","0","0","0","0","0"
"72","Kolkata-CVH","145.65000","145.05000","A-Analog","High","25K","Off","Off","BM Disconnect","Group Call","4000","VU2AAA","Off","Carrier","Off","1","1","1","Off","1","1","None","None","Off","Off","Off","Off","Normal Encryption","Off","Off","Off","Off","251.1","1","Off","On","Off","Off","Off","Off","1","0","Off","0","0","0","0","0","0","0"
"73","Gwalior-GWR","145.00000","145.60000","A-Analog","High","25K","Off","Off","BM Disconnect","Group Call","4000","VU2AAA","Off","Carrier","Off","1","1","1","Off","1","1","None","None","Off","Off","Off","Off","Normal Encryption","Off","Off","Off","Off","251.1","1","Off","On","Off","Off","Off","Off","1","0","Off","0","0","0","0","0","0","0"
"74","Patna-MMP","145.00000","144.40000","A-Analog","High","25K","Off","Off","BM Disconnect","Group Call","4000","VU2AAA","Off","Carrier","Off","1","1","1","Off","1","1","None","None","Off","Off","Off","Off","Normal Encryption","Off","Off","Off","Off","251.1","1","Off","On","Off","Off","Off","Off","1","0","Off","0","0","0","0","0","0","0"
"100","ZO Unlink","145.27500","144.67500","D-Digital","Low","12.5K","Off","Off","BM Disconnect","Group Call","4000","VU2AAA","Always","Carrier","Off","1","1","1","Off","1","2","None","None","Off","Off","Off","Off","Normal Encryption","Off","Off","Off","Off","251.1","1","Off","Off","Off","Off","Off","Off","1","0","Off","0","1","0","0","0","0","1"
"101","ZO India","145.27500","144.67500","D-Digital","Low","12.5K","Off","Off","India","Group Call","404","VU2AAA","Always","Carrier","Off","1","1","1","Off","1","2","None","None","Off","Off","Off","Off","Normal Encryption","Off","Off","Off","Off","251.1","1","Off","Off","Off","Off","Off","Digital","1","0","Off","0","1","0","0","0","0","1"
"102","ZO Bangalore","145.27500","144.67500","D-Digital","Low","12.5K","Off","Off","Bangalore","Group Call","40480","VU2AAA","Always","Carrier","Off","1","1","1","Off","1","2","None","None","Off","Off","Off","Off","Normal Encryption","Off","Off","Off","Off","251.1","1","Off","Off","Off","Off","Off","Digital","1","0","Off","0","1","0","0","0","0","1"
"103","ZO Kerala","145.27500","144.67500","D-Digital","Low","12.5K","Off","Off","Kerala","Group Call","40407","VU2AAA","Always","Carrier","Off","1","1","1","Off","1","2","None","None","Off","Off","Off","Off","Normal Encryption","Off","Off","Off","Off","251.1","1","Off","Off","Off","Off","Off","Digital","1","0","Off","0","1","0","0","0","0","1"
"104","ZO Worldwide","145.27500","144.67500","D-Digital","Low","12.5K","Off","Off","Worldwide","Group Call","91","VU2AAA","Always","Carrier","Off","1","1","1","Off","1","2","None","None","Off","Off","Off","Off","Normal Encryption","Off","Off","Off","Off","251.1","1","Off","Off","Off","Off","Off","Off","1","0","Off","0","1","0","0","0","0","1"
"105","ZO Chennai","145.27500","144.67500","D-Digital","Low","12.5K","Off","Off","Chennai","Private Call","404004","VU2AAA","Always","Carrier","Off","1","1","1","Off","1","2","None","None","Off","Off","Off","Off","Normal Encryption","Off","Off","Off","Off","251.1","1","Off","Off","Off","Off","On","Off","1","0","Off","0","1","0","0","0","0","1"
"150","145.5","145.50000","145.50000","A-Analog","Low","25K","Off","Off","BM Disconnect","Group Call","4000","VU2AAA","Off","Carrier","Off","1","1","1","Off","1","1","None","None","Off","Off","Off","Off","Normal Encryption","Off","Off","Off","Off","251.1","1","Off","On","Off","Off","Off","Off","1","0","Off","0","0","0","0","0","0","0"
"151","145","145.00000","145.00000","A-Analog","Low","25K","Off","Off","BM Disconnect","Group Call","4000","VU2AAA","Off","Carrier","Off","1","1","1","Off","1","1","None","None","Off","Off","Off","Off","Normal Encryption","Off","Off","Off","Off","251.1","1","Off","On","Off","Off","Off","Off","1","0","Off","0","0","0","0","0","0","0"
"152","144.8","144.80000","144.80000","A-Analog","Low","25K","Off","Off","BM Disconnect","Group Call","4000","VU2AAA","Off","Carrier","Off","1","1","1","Off","1","1","None","None","Off","Off","Off","Off","Normal Encryption","Off","Off","Off","Off","251.1","1","Off","On","Off","Off","Off","Off","1","0","Off","0","0","0","0","0","0","0"
"153","DMR Sim 434.8","434.80000","434.80000","D-Digital","Low","12.5K","Off","Off","BM Disconnect","Group Call","4000","VU2AAA","Always","Carrier","Off","1","1","1","Off","1","1","None","None","Off","Off","Off","Off","Normal Encryption","Off","Off","Off","Off","251.1","1","Off","On","Off","Off","On","Off","1","0","Off","0","0","0","0","0","0","1"
"154","DMR Sim 145.1","145.10000","145.10000","D-Digital","Low","12.5K","Off","Off","BM Disconnect","Group Call","4000","VU2AAA","Always","Carrier","Off","1","1","1","Off","1","1","None","None","Off","Off","Off","Off","Normal Encryption","Off","Off","Off","Off","251.1","1","Off","On","Off","Off","On","Off","1","0","Off","0","0","0","0","0","0","1"
"200","BM Disconnect","434.50000","434.50000","D-Digital","Small","12.5K","Off","Off","BM Disconnect","Group Call","4000","VU2AAA","Always","Carrier","Off","1","1","1","Off","1","2","None","RX India","Off","Off","Off","Off","Normal Encryption","Off","Off","Off","Off","251.1","1","Off","On","Off","Off","Off","Off","1","0","Off","0","0","0","0","0","0","1"
"201","BM India","434.50000","434.50000","D-Digital","Small","12.5K","Off","Off","India","Group Call","404","VU2AAA","Always","Carrier","Off","1","1","1","Off","1","2","None","RX India","Off","Off","Off","Off","Normal Encryption","Off","Off","Off","Off","251.1","1","Off","On","Off","Off","Off","Off","1","0","Off","0","0","0","0","0","0","1"
"202","BM Kerala","434.50000","434.50000","D-Digital","Small","12.5K","Off","Off","Kerala","Group Call","40407","VU2AAA","Always","Carrier","Off","1","1","1","Off","1","2","None","RX India","Off","Off","Off","Off","Normal Encryption","Off","Off","Off","Off","251.1","1","Off","On","Off","Off","Off","Off","1","0","Off","0","0","0","0","0","0","1"
"203","BM New Delhi","434.50000","434.50000","D-Digital","Small","12.5K","Off","Off","New Delhi","Group Call","40430","VU2AAA","Always","Carrier","Off","1","1","1","Off","1","2","None","RX India","Off","Off","Off","Off","Normal Encryption","Off","Off","Off","Off","251.1","1","Off","On","Off","Off","Off","Off","1","0","Off","0","0","0","0","0","0","1"
"204","BM Bangalore","434.50000","434.50000","D-Digital","Small","12.5K","Off","Off","Bangalore","Group Call","40480","VU2AAA","Always","Carrier","Off","1","1","1","Off","1","2","None","RX India","Off","Off","Off","Off","Normal Encryption","Off","Off","Off","Off","251.1","1","Off","On","Off","Off","Off","Off","1","0","Off","0","0","0","0","0","0","1"
"205","BM Worldwide","434.50000","434.50000","D-Digital","Small","12.5K","Off","Off","Worldwide","Group Call","91","VU2AAA","Always","Carrier","Off","1","1","1","Off","1","2","None","RX India","Off","Off","Off","Off","Normal Encryption","Off","Off","Off","Off","251.1","1","Off","On","Off","Off","Off","Off","1","0","Off","0","0","0","0","0","0","1"
"206","BM Test Parrot","434.50000","434.50000","D-Digital","Small","12.5K","Off","Off","BM UK Parrot","Private Call","9990","VU2AAA","Always","Carrier","Off","1","1","1","Off","1","2","None","RX India","Off","Off","Off","Off","Normal Encryption","Off","Off","Off","Off","251.1","1","Off","On","Off","Off","Off","Off","1","0","Off","0","0","0","0","0","0","1"
"403","ISS APRS","145.82500","145.82500","A-Analog","High","25K","Off","Off","BM Disconnect","Group Call","4000","VU2AAA","Off","Carrier","Off","1","1","1","Off","1","1","None","None","Off","Off","Off","Off","Normal Encryption","Off","Off","Off","Off","251.1","1","Off","On","On","End Of Transmission","Off","Analog","1","0","Off","0","0","0","0","0","0","0"
"404","ISS Repeater","437.80000","145.99000","A-Analog","High","25K","Off","67.0","BM Disconnect","Group Call","4000","VU2AAA","Off","Carrier","Off","1","1","1","Off","1","1","None","None","Off","Off","Off","Off","Normal Encryption","Off","Off","Off","Off","251.1","1","Off","On","On","Off","Off","Off","1","0","Off","0","0","0","0","0","0","0"
"405","AO-91","145.96000","435.25000","A-Analog","High","25K","Off","67.0","BM Disconnect","Group Call","4000","VU2AAA","Off","Carrier","Off","1","1","1","Off","1","1","None","None","Off","Off","Off","Off","Normal Encryption","Off","Off","Off","Off","251.1","1","Off","On","On","Off","Off","Off","1","0","Off","0","0","0","0","0","0","0"
"406","IO-86","435.88000","145.88000","A-Analog","High","25K","Off","88.5","BM Disconnect","Group Call","4000","VU2AAA","Off","Carrier","Off","1","1","1","Off","1","1","None","None","Off","Off","Off","Off","Normal Encryption","Off","Off","Off","Off","251.1","1","Off","On","On","Off","Off","Off","1","0","Off","0","0","0","0","0","0","0"
"407","PO-101","145.90000","437.50000","A-Analog","High","25K","Off","141.3","BM Disconnect","Group Call","4000","VU2AAA","Off","Carrier","Off","1","1","1","Off","1","1","None","None","Off","Off","Off","Off","Normal Encryption","Off","Off","Off","Off","251.1","1","Off","On","On","Off","Off","Off","1","0","Off","0","0","0","0","0","0","0"
"4001","Channel VFO A","145.27500","456.75000","D-Digital","Mid","25K","Off","Off","BM Disconnect","Group Call","4000","VU2AAA","Always","Carrier","Off","1","1","1","Off","1","1","None","None","Off","Off","Off","Off","Normal Encryption","Off","Off","Off","Off","131.8","1","Off","Off","Off","Off","Off","Off","1","0","Off","0","1","0","100","100","0","0"
"4002","Channel VFO B","144.20000","143.60000","D+A TX D","Small","25K","Off","Off","BM Disconnect","Group Call","4000","VU2AAA","Always","Carrier","Off","1","1","1","Off","1","2","None","None","Off","Off","Off","Off","Normal Encryption","Off","Off","Off","Off","131.8","1","Off","Off","Off","Start Of Transmission","Off","Off","1","0","Off","0","1","0","100","100","0","0"
